total price NTD,the unit price (NTD / square meter),main building area,auxiliary building area,balcony area,property_age,distance_to_city_center,area (square meters),property age,distance to city center
66000000,257370.0,193.1,24.7,38.64,39,18.026856102887987,256.4401445389906,39,18.026856102887987
147000000,516509.0,152.96,8.54,10.19,29,11.736280270615135,284.6029788445119,29,11.736280270615135
38000000,310922.0,65.48,5.55,6.53,15,29.112474735530796,122.21714770907172,15,29.112474735530796
27580000,350000.0,42.07,2.62,4.68,43,25.342508232503405,78.8,43,25.342508232503405
27300000,266954.0,54.56,1.73,5.69,8,25.230696788978566,102.26480966758318,8,25.230696788978566
35000000,192329.0,97.08,1.3,13.73,21,14.326448213951624,181.97983663410093,21,14.326448213951624
17000000,306306.0,31.52,1.39,3.65,39,12.737175318961123,55.5000555000555,39,12.737175318961123
10500000,125164.0,42.23,8.12,3.79,19,8.565508621955834,83.88993640343868,19,8.565508621955834
24180000,145374.0,90.97,3.51,9.32,23,2.1630771512023497,166.32960501877915,23,2.1630771512023497
18680000,199936.0,75.96,0.7,8.81,11,26.00931009952407,93.42989756722152,11,26.00931009952407
27800000,189686.0,66.96,7.23,6.38,11,24.48057976933729,146.55799584576616,11,24.48057976933729
23000000,257559.0,52.06,5.04,4.62,24,29.991671361940853,89.29992739527643,24,29.991671361940853
17880000,184864.0,50.97,17.5,8.37,36,29.90078669368021,96.71975073567596,36,29.90078669368021
25770000,203169.0,61.81,2.04,6.89,40,16.88523531527751,126.84021676535298,40,16.88523531527751
58000000,298693.0,104.37,4.11,10.5,24,23.18512874782506,194.1793078512051,24,23.18512874782506
24500000,130988.0,124.1,4.53,14.25,3,28.370589031531626,187.04003420160626,3,28.370589031531626
67300000,239088.0,145.7,14.57,10.75,22,25.56459802498364,281.48631466238373,22,25.56459802498364
24500000,92300.0,155.88,15.93,11.46,2,7.796769001424331,265.4387865655471,2,7.796769001424331
24860000,184790.0,77.02,4.99,6.65,24,13.791051991647759,134.5310893446615,24,13.791051991647759
23200000,235032.0,68.66,1.46,3.59,44,4.310202746969102,98.70996289866912,44,4.310202746969102
27250000,250990.0,75.29,10.79,8.81,30,28.64450530413231,108.57006255229292,30,28.64450530413231
9580000,236602.0,23.6,1.5,3.23,38,18.38215171630096,40.489936686925724,38,18.38215171630096
42880000,186576.0,112.5,7.34,20.08,2,7.24496276235215,229.82591544464455,2,7.24496276235215
38600000,300179.0,52.65,2.35,4.96,21,20.315170189972772,128.58994133500346,21,20.315170189972772
13400000,133400.0,75.77,5.99,18.69,33,18.73478309350793,100.44977511244377,33,18.73478309350793
12250000,182292.0,43.31,0.42,3.06,12,11.065800181968795,67.1998771202247,12,11.065800181968795
45380000,221339.0,109.89,9.6,11.88,22,3.849948969889056,205.02487135118528,22,3.849948969889056
18480000,175349.0,33.89,18.31,5.72,44,20.31140926998759,105.38982258239282,44,20.31140926998759
40000000,220313.0,121.95,6.13,7.43,25,15.849077176661902,181.55987163717074,25,15.849077176661902
38770000,302188.0,65.25,4.95,8.92,49,23.28339255620136,128.29761605358254,49,23.28339255620136
17000000,257264.0,37.57,1.55,4.05,27,15.844823282803805,66.07998009826481,27,15.844823282803805
23010000,194243.0,56.49,7.88,15.86,42,25.639354259396935,118.45986727964457,42,25.639354259396935
12800000,267895.0,26.84,1.33,3.08,28,16.781251743847324,47.779913772186866,28,16.781251743847324
10300000,304104.0,22.85,1.41,2.94,16,17.047670160293894,33.86999184489517,16,17.047670160293894
7600000,214932.0,20.03,0.49,3.04,15,26.361281278421178,35.36002084380176,15,26.361281278421178
18000000,223682.0,46.07,3.15,2.92,47,12.402744553265713,80.47138348190735,47,12.402744553265713
15630000,287369.0,30.89,1.46,3.54,44,4.453449239293901,54.390000313186185,44,4.453449239293901
8400000,158431.0,25.09,0.79,2.43,3,1.3490889512434996,53.019926655768124,3,1.3490889512434996
17750000,232512.0,44.8,2.45,3.44,37,22.776549042371762,76.34014588494357,37,22.776549042371762
17500000,262630.0,33.67,0.92,2.22,7,18.799131764927207,66.63366713627536,7,18.799131764927207
39300000,185535.0,98.06,2.43,10.57,21,21.270353158927094,211.8198722612984,21,21.270353158927094
14780000,217866.0,26.29,0.92,4.54,9,6.782442764512867,67.83986487106753,9,6.782442764512867
43000000,232911.0,82.41,12.44,6.46,39,4.522958529809708,184.61987626174806,39,4.522958529809708
49000000,244647.0,115.02,7.3,13.43,18,0.9290676372025168,200.28857905471966,18,0.9290676372025168
19580000,253463.0,36.27,1.76,4.41,4,10.842332984794611,77.24993391540383,4,10.842332984794611
21300000,219814.0,44.34,1.13,7.98,25,17.902571762211675,96.90010645363807,25,17.902571762211675
29550000,158666.0,102.54,2.15,13.02,14,12.071199330442104,186.24027832049714,14,12.071199330442104
41680000,210938.0,101.18,11.77,19.52,50,13.405510199700007,197.59360570404573,50,13.405510199700007
22800000,179344.0,98.39,5.26,10.63,9,27.17268148756558,127.12998483361585,9,27.17268148756558
50000000,177148.0,148.43,7.27,13.51,26,10.773536277187361,282.24987016505975,26,10.773536277187361
38500000,329690.0,62.66,1.28,7.78,2,15.662689930214418,116.77636567684794,2,15.662689930214418
49080000,231161.0,121.41,3.68,16.0,20,23.61776387586372,212.3195521735933,20,23.61776387586372
37500000,188206.0,122.02,2.76,12.26,28,12.19801207847747,199.24975824362667,28,12.19801207847747
114200000,432642.0,131.53,8.27,16.15,47,18.851557656722267,263.95957858922617,47,18.851557656722267
32300000,220921.0,92.32,0.75,13.57,7,25.93972940802898,146.20610987638116,7,25.93972940802898
47980000,216476.0,112.25,6.91,11.28,44,28.510858397900442,221.64119810048226,44,28.510858397900442
47000000,273153.0,99.18,3.67,6.33,8,4.838667687406619,172.06474027376598,8,4.838667687406619
39650000,271862.0,86.63,3.97,6.44,47,27.834334942264086,145.8460542481112,47,27.834334942264086
43680000,296195.0,86.88,5.02,7.44,35,15.017430645846376,147.47041644862338,35,15.017430645846376
53200000,266708.0,110.32,8.07,8.93,14,8.118209454819272,199.4690822922447,14,8.118209454819272
51680000,293934.0,100.1,3.63,8.18,17,14.044504809028709,175.821783121381,17,14.044504809028709
2500000,53112.0,29.64,1.03,4.04,36,29.410960970921572,47.0703419189637,36,29.410960970921572
4500000,33743.0,86.19,1.1,16.63,50,15.032233772789652,133.36099339122188,50,15.032233772789652
10250000,58928.0,150.94,1.09,15.12,40,10.198172503481493,173.94108064078196,40,10.198172503481493
15000000,127443.0,49.7,0.9,4.96,4,19.18532520234341,117.69967750288365,4,19.18532520234341
22400000,145473.0,79.26,3.6,10.16,2,7.584295753956695,153.98046372866443,2,7.584295753956695
5800000,39721.0,103.69,3.1,10.71,6,2.7379681792055854,146.01847889025956,6,2.7379681792055854
4800000,85379.0,28.51,2.83,3.13,42,4.301951796364152,56.2199135618829,42,4.301951796364152
8400000,54180.0,99.86,4.28,13.31,4,4.277352249254287,155.03875968992247,4,4.277352249254287
4500000,78878.0,18.96,1.0,2.78,29,4.981129458612683,57.050128045842946,29,4.981129458612683
2000000,57687.0,18.69,1.99,1.75,18,4.595401593157599,34.66985629344566,18,4.595401593157599
8400000,67481.0,79.8,1.74,10.32,26,19.40580497169483,124.47948311376535,26,19.40580497169483
30080000,107023.0,126.55,4.77,22.01,44,5.865462489774773,281.0610803285275,44,5.865462489774773
3800000,100769.0,27.2,0.12,3.56,34,10.697184858053964,37.71001002292372,34,10.697184858053964
3500000,102911.0,31.39,0.64,1.98,10,26.95525809222735,34.00996977971257,10,26.95525809222735
2000000,28707.0,46.84,1.59,5.77,36,14.481868387754734,69.6694186087017,36,14.481868387754734
22600000,110308.0,103.26,4.76,11.45,14,20.1929532863703,204.88087899336404,14,20.1929532863703
45800000,150297.0,150.9,6.53,21.53,31,5.58343620044808,304.7299679966999,31,5.58343620044808
7800000,83111.0,50.18,1.45,4.88,48,6.172526054855788,93.85039284811879,48,6.172526054855788
10300000,76330.0,81.21,1.43,10.33,15,1.7056241798611265,134.94039041006158,15,1.7056241798611265
10430000,97068.0,71.88,2.59,9.89,8,5.483584360628854,107.450447109243,8,5.483584360628854
39900000,109516.0,141.88,6.32,20.83,14,8.718415001442779,364.3303261623872,14,8.718415001442779
9000000,79526.0,70.37,1.62,5.7,23,5.7218092861640315,113.17053542237758,23,5.7218092861640315
49200000,80662.0,417.36,6.8,69.84,40,3.1167247458331406,609.9526418883737,40,3.1167247458331406
16000000,103808.0,75.45,3.27,10.77,21,4.058758197467724,154.13070283600493,21,4.058758197467724
7600000,116547.0,38.96,1.14,4.29,16,14.09297365696541,65.20974370854677,16,14.09297365696541
6100000,43970.0,126.82,8.01,3.9,45,6.586844692970879,138.73095292244713,45,6.586844692970879
20300000,62257.0,149.03,110.3,16.6,18,11.245960900918226,326.06775141751126,18,11.245960900918226
8500000,97287.0,52.95,3.59,4.01,47,15.350809490218278,87.37035780731239,47,15.350809490218278
14500000,170348.0,41.76,1.56,5.22,24,20.866647444566276,85.11987226148825,24,20.866647444566276
2567600,25761.0,86.57,10.39,2.71,26,1.6597081253124186,99.6700438647568,26,1.6597081253124186
43000000,85719.0,252.8,3.03,42.35,25,24.082606767816756,501.6390765174582,25,24.082606767816756
11560000,121697.0,45.24,2.62,2.38,45,19.023061489981778,94.99001618774497,45,19.023061489981778
63500000,119671.0,447.92,11.02,71.68,41,2.9118914424917213,530.6214538192211,41,2.9118914424917213
22000000,101322.0,143.68,5.85,5.38,29,26.27056941114993,217.12954738358894,29,26.27056941114993
11500000,87161.0,54.29,2.12,6.83,15,27.66573581568849,131.9397436927066,15,27.66573581568849
5900000,59530.0,69.45,1.59,8.11,45,2.3017998157184807,99.10969259197043,45,2.3017998157184807
9400000,93756.0,57.33,0.86,4.67,1,8.66789062034251,100.26025001066598,1,8.66789062034251
9380000,85890.0,70.61,2.63,8.7,25,24.28293775389531,109.20945395273024,25,24.28293775389531
19300000,74185.0,199.88,13.79,19.24,7,22.573660866317923,260.1604097863449,7,22.573660866317923
14200000,95914.0,76.28,4.07,9.66,9,5.943370071013131,148.0492941593511,9,5.943370071013131
19000000,135395.0,57.5,4.56,5.92,24,6.675805038432954,140.33014513091325,24,6.675805038432954
31000000,140618.0,98.5,6.76,7.63,1,11.428927032345769,220.45541822526278,1,11.428927032345769
10080000,77586.0,92.86,3.62,3.62,44,14.79342806313513,129.9203464542572,44,14.79342806313513
11880000,93883.0,83.4,2.09,10.07,8,18.73851576014373,126.54048123728471,8,18.73851576014373
14200000,80622.0,119.05,3.49,12.65,24,11.382952367308286,176.13058470392696,24,11.382952367308286
23000000,88025.0,234.58,5.03,21.68,11,14.144774125927864,261.2894064186311,11,14.144774125927864
7460000,27910.0,258.68,4.45,4.16,17,22.55039267494582,267.28771049802936,17,22.55039267494582
9550000,58722.0,143.95,5.36,13.32,8,1.5821544852726381,162.63070058921699,8,1.5821544852726381
6000000,71293.0,56.69,5.18,5.48,35,7.946889858148612,84.15973517736664,35,7.946889858148612
7000000,52691.0,95.09,1.67,15.47,35,21.543812783594298,132.85001233607258,35,21.543812783594298
9980000,81297.0,72.23,0.79,9.61,33,26.90860171177238,122.75975743262359,33,26.90860171177238
22000000,73751.0,174.47,42.03,14.15,5,15.59448454241215,298.3010399858985,5,15.59448454241215
21060000,131707.0,72.1,0.52,7.39,42,16.19734781532681,159.90038494537117,42,16.19734781532681
14380000,95803.0,70.76,1.55,7.13,39,3.6615743345233938,150.09968372597936,39,3.6615743345233938
51000000,134158.0,178.1,10.02,19.13,41,13.698664821291912,380.1487797969558,41,13.698664821291912
11650000,96664.0,77.97,8.8,9.45,28,16.21220936042318,120.52056608458165,28,16.21220936042318
12000000,52588.0,168.91,6.12,12.03,7,7.652879857224525,228.18894044268654,7,7.652879857224525
6800000,69758.0,52.6,0.58,12.3,9,8.442675313006738,97.47985894091,9,8.442675313006738
5000000,31841.0,120.69,0.7,19.05,8,11.629882811586368,157.0302440249992,8,11.629882811586368
12050000,113937.0,53.7,1.17,7.78,12,1.0921003344429279,105.76020081272985,12,1.0921003344429279
11800000,105423.0,68.81,1.38,8.25,34,10.00133538470376,111.930034243002,34,10.00133538470376
8500000,72813.0,69.73,2.3,4.97,33,6.737716206398067,116.73739579470698,33,6.737716206398067
38500000,125665.0,140.93,8.57,13.25,48,10.161171889248482,306.3701110094298,48,10.161171889248482
10800000,67775.0,77.81,3.0,8.03,23,4.032982888667911,159.35079306528957,23,4.032982888667911
7980000,28556.0,228.65,24.34,12.49,24,26.770554781826903,279.45090348788347,24,26.770554781826903
35000000,125475.0,114.08,4.48,11.54,37,18.010977379844434,278.9400278940028,37,18.010977379844434
35200000,124544.0,138.45,11.33,14.48,35,20.533518414762444,282.63103802672146,35,20.533518414762444
62000000,221097.0,261.87,9.13,9.42,44,23.78055153891648,280.4199061950185,44,23.78055153891648
158530000,270679.0,315.84,18.07,34.43,40,15.20404486840719,585.6752832691121,40,15.20404486840719
23150000,146575.0,73.88,2.97,6.38,22,3.064148498578999,157.9396213542555,22,3.064148498578999
10000000,59179.0,132.43,7.14,11.52,27,16.34464298364716,168.97886074452086,27,16.34464298364716
10380000,87936.0,84.13,0.97,11.41,35,17.811812981615933,118.04039301310044,35,17.811812981615933
24500000,123507.0,96.76,5.71,9.5,1,22.490464488437734,198.3693231962561,1,22.490464488437734
7220000,76241.0,45.72,2.58,5.7,35,13.233956613775542,94.69970225993887,35,13.233956613775542
16500000,94849.0,87.18,4.02,9.49,37,4.2636189324691305,173.96071650729053,37,4.2636189324691305
9000000,49658.0,168.1,0.35,12.79,47,8.871389221062373,181.23967940714488,47,8.871389221062373
10250000,68773.0,90.36,4.34,13.08,14,11.210927743759735,149.04104808573132,14,11.210927743759735
7000000,54645.0,110.62,13.6,3.88,3,19.554558619282236,128.09955165156921,3,19.554558619282236
9600000,82744.0,88.25,2.72,13.52,1,17.3379599877329,116.02049695446196,1,17.3379599877329
3800000,95238.0,26.09,1.68,3.76,5,11.004853413986464,39.9000399000399,5,11.004853413986464
30800000,136893.0,103.02,18.34,16.03,26,29.602199839392902,224.99324289773764,26,29.602199839392902
11200000,137037.0,34.45,1.55,5.12,14,18.37035717102817,81.72975181885184,14,18.37035717102817
16000000,104194.0,67.14,7.23,7.41,39,7.498190356211837,153.55970593316314,39,7.498190356211837
14680000,78738.0,165.21,3.62,17.61,27,3.5025829423019106,186.4411084863725,27,3.5025829423019106
15000000,85920.0,98.04,6.2,10.96,9,5.009344605937795,174.58100558659217,9,5.009344605937795
10500000,80919.0,90.38,1.39,11.1,15,7.75575298734299,129.75938901864828,15,7.75575298734299
9580000,72946.0,72.62,2.2,7.67,15,5.240100511156892,131.330024949963,15,5.240100511156892
24000000,120343.0,175.16,13.06,11.21,26,6.00372720951352,199.42996268997783,26,6.00372720951352
6000000,69132.0,79.69,0.04,7.06,42,8.910307476468489,86.79048776254123,42,8.910307476468489
33300000,137808.0,101.42,7.31,11.7,13,5.614521061195267,241.6405433646813,13,5.614521061195267
19700000,111906.0,87.23,2.75,13.69,32,26.954580026479544,176.04060550819437,32,26.954580026479544
23000000,101273.0,152.76,0.52,11.57,39,2.866895497018445,227.10890365645335,39,2.866895497018445
8000000,68989.0,66.42,0.82,11.31,49,15.973085992322513,115.96051544449115,49,15.973085992322513
139880000,55364.0,1549.19,32.86,18.06,32,12.606706396195015,2526.551549743516,32,12.606706396195015
9000000,86530.0,74.63,1.22,8.62,4,29.48016919880389,104.01016988327747,4,29.48016919880389
13800000,76803.0,85.76,3.78,8.88,30,3.805147613957544,179.6804812312019,30,3.805147613957544
7750000,81786.0,75.9,1.51,9.5,37,12.236740171849378,94.75949428997627,37,12.236740171849378
24100000,151687.0,71.13,6.86,5.78,23,29.09937778162338,158.87979853250442,23,29.09937778162338
12500000,122730.0,61.88,2.31,9.69,39,26.03246021387242,101.84958852766235,39,26.03246021387242
20000000,114116.0,84.86,4.44,10.57,45,24.603626093003758,175.26026148831014,45,24.603626093003758
30000000,106071.0,135.46,7.41,22.83,15,8.108133397825725,282.82942557343665,15,8.108133397825725
43730000,67454.0,363.22,30.6,28.8,43,5.541183828006941,648.2936519702316,43,5.541183828006941
5750000,81792.0,53.92,3.8,6.76,29,20.224974987770715,70.30027386541471,29,20.224974987770715
22110000,109754.0,191.54,2.06,7.85,36,27.91659167926378,201.45051660987298,36,27.91659167926378
6550000,54452.0,75.24,2.31,8.07,13,16.92450534391093,120.28942922206714,13,16.92450534391093
15800000,155176.0,41.73,1.13,4.0,32,17.362574339362045,101.81986905191525,32,17.362574339362045
6800000,42252.0,151.43,4.5,5.01,7,8.759383262978384,160.93912714191043,7,8.759383262978384
15250000,115207.0,52.93,3.06,5.71,22,23.20004152916214,132.37042888018956,22,23.20004152916214
32000000,154209.0,194.09,1.68,11.74,28,6.017790582446939,207.5105862822533,28,6.017790582446939
6000000,70291.0,54.76,2.24,6.58,2,10.048537473925188,85.3594343514817,2,10.048537473925188
13580000,105558.0,104.87,6.24,17.34,42,13.050374939184294,128.6496523238409,42,13.050374939184294
13800000,107552.0,104.53,6.24,17.34,45,15.474506171191424,128.31002677774472,45,15.474506171191424
13580000,105558.0,104.87,6.24,17.34,6,7.651087106244867,128.6496523238409,6,7.651087106244867
13580000,105837.0,104.53,6.24,17.34,28,3.8876863298065043,128.31051522624412,28,3.8876863298065043
14500000,96647.0,129.14,5.47,15.22,28,18.51329125202816,150.03052345132286,28,18.51329125202816
29480000,139150.0,111.21,4.87,14.82,44,9.014601320587545,211.85770750988144,44,9.014601320587545
25870000,139106.0,99.29,2.55,11.64,44,17.646527531967063,185.97328655845183,44,17.646527531967063
7500000,70291.0,62.06,5.13,7.32,20,5.053700100588968,106.69929293935212,20,5.053700100588968
21600000,120758.0,88.02,5.57,6.57,30,14.693633004717116,178.87013696815117,30,14.693633004717116
10350000,89494.0,97.98,0.36,7.35,11,16.211388260271782,115.65021118734217,11,16.211388260271782
8600000,69015.0,62.06,4.94,7.32,28,2.0287943362615937,124.61059190031153,28,2.0287943362615937
20470000,99968.0,108.38,5.97,12.46,25,10.429826206720657,204.76552496798976,25,10.429826206720657
7000000,62494.0,67.08,5.33,7.75,39,4.46523296969974,112.0107530322911,39,4.46523296969974
17000000,92901.0,68.64,5.88,5.95,33,2.3695616289466486,182.99049525839334,33,2.3695616289466486
38500000,137840.0,162.95,13.86,19.82,1,29.703826855503383,279.3093441671503,1,29.703826855503383
10580000,68970.0,99.83,1.19,12.57,27,10.009438426754327,153.40002899811512,27,10.009438426754327
23600000,102001.0,124.11,4.39,23.46,13,24.39129615271173,231.3702806835227,13,24.39129615271173
8300000,75959.0,62.07,5.43,5.6,41,8.011899315531034,109.26947432167353,41,8.011899315531034
8680000,69674.0,62.06,5.13,7.32,3,20.604330305605913,124.58018773143498,3,20.604330305605913
15500000,73571.0,101.03,1.9,14.35,39,22.926721866745755,210.68083891750825,39,22.926721866745755
5760000,38916.0,111.02,4.02,11.18,6,18.071342847931405,148.01110083256245,6,18.071342847931405
4600000,33819.0,106.86,1.27,9.87,8,14.411497562229671,136.0182146130873,8,14.411497562229671
25850000,125496.0,109.43,8.0,12.35,27,12.649306967344423,205.9826608019379,27,12.649306967344423
24600000,118973.0,109.43,8.0,12.35,9,10.79161386301836,206.7696031872778,9,10.79161386301836
8800000,63902.0,75.73,0.98,9.72,37,27.921109755310862,137.7108697693343,37,27.921109755310862
22050000,92302.0,213.92,2.03,18.42,33,25.00327252973801,238.88973153344458,33,25.00327252973801
8500000,50158.0,84.44,6.22,4.72,42,28.968293864662122,169.46449220463336,42,28.968293864662122
4000000,40535.0,88.44,6.3,3.94,44,4.1667680928235695,98.68015295423707,44,4.1667680928235695
3600000,35026.0,81.13,0.01,10.7,24,22.060590518507507,102.78079141209388,24,22.060590518507507
9630000,74495.0,107.91,14.88,6.48,15,28.181043476220616,129.270420833613,15,28.181043476220616
6350000,83597.0,45.17,1.75,5.48,32,5.846375451886974,75.95966362429274,32,5.846375451886974
28400000,100634.0,265.32,8.97,7.92,32,2.461639887319936,282.2107836317746,32,2.461639887319936
844070,3645.0,209.72,12.83,9.01,24,22.363059154056742,231.5692729766804,24,22.363059154056742
16800000,66092.0,240.64,0.93,12.62,41,17.446956838807402,254.19112751921563,41,17.446956838807402
10300000,85612.0,72.29,1.47,12.99,49,25.333948914369024,120.31023688268,49,25.333948914369024
11000000,100853.0,52.3,2.7,4.88,49,4.62328511047554,109.06963600487839,49,4.62328511047554
6700000,54990.0,47.47,4.26,5.16,12,23.960385699866762,121.84033460629205,12,23.960385699866762
22000000,109333.0,173.89,3.91,23.42,39,6.448005941408463,201.22012567111486,39,6.448005941408463
4800000,37897.0,94.39,3.89,6.38,2,5.327850314538283,126.65910230361243,2,5.327850314538283
7760000,65513.0,72.96,2.68,14.49,3,5.345841038964291,118.4497733274312,3,5.345841038964291
7800000,70251.0,89.26,15.51,6.26,49,24.52995424682577,111.03044796515353,49,24.52995424682577
4600000,56553.0,46.12,3.09,4.56,37,20.123318010537904,81.33962831326366,37,20.123318010537904
8880000,53656.0,147.27,3.42,14.81,49,15.93043003068902,165.49873266736245,49,15.93043003068902
3460000,30153.0,86.4,22.14,6.21,17,11.085499281643324,114.74811793188074,17,11.085499281643324
8030000,68580.0,73.56,1.37,7.5,49,26.377415953986695,117.08953047535725,49,26.377415953986695
14500000,88875.0,70.24,3.72,9.41,2,12.077130668967744,163.15049226441633,2,12.077130668967744
10500000,65633.0,143.0,7.53,9.45,2,24.589683464411525,159.98049761552878,2,24.589683464411525
10150000,107048.0,42.47,3.13,3.23,28,13.454479802821444,94.81727823032658,28,13.454479802821444
13000000,109779.0,109.36,3.3,5.76,23,11.619860668034773,118.41973419324279,23,11.619860668034773
19940000,140097.0,129.58,5.48,7.27,37,14.14905367725339,142.32995710115134,37,14.14905367725339
4000000,38528.0,81.42,0.01,10.97,32,9.39064728784219,103.82059800664452,32,9.39064728784219
18180000,71258.0,235.52,1.33,18.28,33,22.554476715199407,255.1292486457661,33,22.554476715199407
8380000,87264.0,55.7,6.42,7.82,1,15.330251507728136,96.03043637697102,1,15.330251507728136
13800000,72081.0,172.3,4.4,14.75,19,7.35027450683111,191.45128397219796,19,7.35027450683111
5000000,46786.0,71.86,4.27,9.92,2,27.03744991159977,106.86957636899928,2,27.03744991159977
11800000,114865.0,52.34,0.54,5.07,44,11.824791030509736,102.72929090671659,44,11.824791030509736
3500000,94416.0,25.19,0.41,5.62,26,16.534809402862663,37.069988137603794,26,16.534809402862663
6500000,42970.0,127.8,3.74,19.73,32,27.240927273454133,151.26832673958575,32,27.240927273454133
9000000,90937.0,79.06,15.8,4.11,6,18.915020879462766,98.96961632778736,6,18.915020879462766
5720000,58795.0,63.96,0.7,4.84,32,3.94849220089674,97.28718428437793,32,3.94849220089674
10400000,57326.0,161.92,11.74,7.76,4,28.225047646597517,181.4185535359174,4,28.225047646597517
11000000,26352.0,376.1,9.13,32.19,11,19.01738756560683,417.4256223436551,11,19.01738756560683
27200000,107898.0,133.61,8.07,16.46,17,10.379715632384041,252.08993679215556,17,10.379715632384041
5200000,43639.0,86.18,0.67,5.7,38,4.608526143569924,119.15946744884164,38,4.608526143569924
2440000,13681.0,167.32,5.15,5.88,24,23.92374308347373,178.34953585264236,24,23.92374308347373
2220000,76132.0,17.97,0.2,2.09,5,18.792146299891147,29.159880208059686,5,18.792146299891147
10500000,71404.0,69.42,2.39,6.04,34,16.237102213301483,147.05058540137807,34,16.237102213301483
7300000,52424.0,75.79,1.42,14.1,6,26.86983120000325,139.24919884022586,6,26.86983120000325
3000000,83126.0,24.39,1.07,2.0,22,23.763617731123656,36.089791401005705,22,23.763617731123656
24000000,93685.0,119.2,2.52,13.71,11,4.97440895211616,256.17761648076,11,4.97440895211616
15500000,126593.0,50.09,4.19,6.49,48,9.695800999968673,122.43962936339292,48,9.695800999968673
19160000,150603.0,64.72,2.27,4.1,16,7.830429624526739,127.22190129014695,16,7.830429624526739
6600000,48330.0,89.2,1.12,10.33,33,22.44641563089397,136.56114214773433,33,22.44641563089397
1718467,20724.0,52.84,1.97,3.92,9,1.4892068247054917,82.92158849642927,9,1.4892068247054917
8800000,60220.0,89.45,4.93,13.55,6,17.31174570370384,146.13085353703087,6,17.31174570370384
2500000,27765.0,66.14,0.98,7.68,16,22.99253122935037,90.04141905276427,16,22.99253122935037
3750000,75377.0,28.43,1.21,3.23,29,26.36458628447161,49.749923716783634,29,26.36458628447161
7766000,43089.0,154.62,1.76,23.85,3,10.59141158711927,180.2316136368911,3,10.59141158711927
15880000,96353.0,73.92,2.87,9.93,20,24.72709048782438,164.8106441937459,20,24.72709048782438
27550000,83660.0,193.69,3.74,26.77,36,3.763636240178613,329.30910829548174,36,3.763636240178613
13930000,107022.0,67.58,1.74,5.19,19,25.470342606168288,130.1601539870307,19,25.470342606168288
6400000,60929.0,75.36,0.36,3.49,26,4.260915538793482,105.04029279981619,26,4.260915538793482
9700000,58025.0,113.59,0.93,20.93,3,12.219975071530834,167.16932356742782,3,12.219975071530834
16600000,111702.0,79.59,6.09,9.55,19,24.02021329049683,148.6096936491737,19,24.02021329049683
23000000,92466.0,224.18,8.62,15.94,20,4.922564106788826,248.74007743386758,20,4.922564106788826
6000000,33602.0,150.06,5.82,22.68,32,7.2629161593629235,178.56079995238377,32,7.2629161593629235
12500000,73529.0,147.65,3.7,18.65,7,21.806450767595454,170.00095200533124,7,21.806450767595454
7600000,56882.0,93.62,0.46,13.75,41,21.741077828109194,133.6099293273795,41,21.741077828109194
11500000,115834.0,40.66,1.62,9.86,33,19.41385517011627,99.28000414386105,33,19.41385517011627
13350000,68532.0,131.44,3.52,12.65,40,20.971479111779452,194.7995097180879,40,20.971479111779452
9250000,70310.0,82.61,0.66,13.47,39,16.510371078754087,131.56023325273787,39,16.510371078754087
18400000,95505.0,163.17,6.42,23.07,18,7.9280722377551065,192.6600701533951,18,7.9280722377551065
3980000,34714.0,70.42,0.59,11.34,40,10.698031808365624,114.65114939217607,40,10.698031808365624
7100000,91862.0,39.25,1.8,8.01,1,5.857132645642057,77.28984781520106,1,5.857132645642057
9300000,71467.0,81.2,1.2,9.96,11,27.299291559342034,130.12999006534486,11,27.299291559342034
12000000,78560.0,79.5,2.55,5.37,28,17.710057945600553,152.74949083503054,28,17.710057945600553
7350000,104761.0,41.04,2.55,3.39,25,12.325116794527377,70.15969683374539,25,12.325116794527377
6000000,40091.0,103.12,3.02,16.19,50,14.129171207501914,149.6595245815769,50,14.129171207501914
7760000,44786.0,163.43,4.92,4.92,23,28.444858518548553,173.26843209931675,23,28.444858518548553
11680000,70095.0,128.47,1.16,13.58,31,5.023866391924366,166.63100078464942,31,5.023866391924366
12500000,59946.0,149.2,1.25,13.86,30,17.79378004449552,208.52100223534515,30,17.79378004449552
5700000,46485.0,104.7,5.61,3.82,42,15.423716027091746,122.62020006453695,42,15.423716027091746
7380000,60383.0,72.47,0.51,8.39,35,18.53789994532211,122.21983008462647,35,18.53789994532211
6500000,60844.0,72.05,0.01,8.95,7,1.034250422714795,106.83058313062915,7,1.034250422714795
13000000,138340.0,38.69,0.93,9.85,16,26.22765531385247,93.97137487350007,16,26.22765531385247
18200000,93989.0,96.58,6.0,8.01,26,27.997489333266564,193.63968123929396,26,27.997489333266564
2235260,12251.0,157.02,1.88,23.56,48,17.171428915881663,182.45530977063098,48,17.171428915881663
21250000,97112.0,122.62,2.71,9.87,49,21.05119930436832,218.81950737293022,49,21.05119930436832
1500000,33829.0,42.59,0.49,1.26,2,27.71373174473022,44.340654468059945,2,27.71373174473022
2620000,262000.0,7.35,0.11,0.85,1,21.36353971224526,10.0,1,21.36353971224526
5155000,45243.0,85.14,1.11,2.43,48,4.9999017659707095,113.94027805406361,48,4.9999017659707095
13000000,99701.0,88.78,1.5,11.89,12,17.500506624920988,130.38986569843834,12,17.500506624920988
20860000,78031.0,231.18,2.25,6.14,5,18.39809386829425,267.3296510361267,5,18.39809386829425
9000000,64884.0,105.36,4.34,12.09,37,13.011854803420388,138.70908082115776,37,13.011854803420388
6600000,32175.0,173.37,4.75,27.01,32,22.225104950929325,205.12820512820514,32,22.225104950929325
25000000,124465.0,114.16,4.94,6.61,9,28.06382693568594,200.85967942795162,9,28.06382693568594
10550000,81035.0,110.1,5.14,14.95,41,27.804271130749903,130.19065835749984,41,27.804271130749903
7450000,73471.0,57.85,4.24,4.82,35,13.799761456421898,101.40055259898463,35,13.799761456421898
6600000,58397.0,66.28,1.87,9.93,19,3.84052235230228,113.01950442659725,19,3.84052235230228
13500000,63881.0,102.05,1.35,19.54,48,29.55281536938887,211.3304425416008,48,29.55281536938887
11000000,83498.0,59.77,3.38,9.0,16,25.247493550155056,131.7396823876021,16,25.247493550155056
7900000,50521.0,87.55,1.37,11.28,3,4.1775490954963725,156.37061815878545,3,4.1775490954963725
28500000,146447.0,109.89,4.94,6.61,20,27.664835537212483,194.6096540045204,20,27.664835537212483
19000000,128569.0,77.97,2.34,9.33,24,26.161942680832784,147.7805691885291,24,26.161942680832784
4600000,44002.0,81.12,0.82,9.05,33,15.805722685219127,104.54070269533203,33,15.805722685219127
16440000,118249.0,66.49,0.86,8.37,24,17.942625354475414,139.028659861817,24,17.942625354475414
70000000,69828.0,655.91,5.99,38.44,11,12.270579764168843,1002.4631952798304,11,12.270579764168843
12500000,81619.0,68.49,3.41,15.44,49,2.1154683452499246,153.15061444026514,49,2.1154683452499246
18680000,115807.0,80.44,3.02,11.27,8,10.388318628554078,161.30285734022988,8,10.388318628554078
6600000,58839.0,70.82,0.28,9.89,36,24.184176733641337,112.17049915872126,36,24.184176733641337
4200000,78666.0,35.3,0.96,6.42,38,0.6366446786357843,53.39028296849973,38,0.6366446786357843
18100000,92780.0,90.96,2.9,17.56,40,10.338225564888754,195.08514766113387,40,10.338225564888754
16600000,89094.0,90.96,2.9,17.56,20,12.245976460932829,186.3200664466743,20,12.245976460932829
8200000,88087.0,45.26,1.83,13.23,35,16.353170286668725,93.08978623406405,35,16.353170286668725
8500000,44426.0,88.65,55.34,13.35,48,27.635740684176433,191.32940170170622,48,27.635740684176433
12800000,64267.0,140.07,1.92,15.36,25,10.717206833795856,199.16909144662114,25,10.717206833795856
12400000,90896.0,68.84,3.86,3.41,35,10.735119455938717,136.41964442879774,35,10.735119455938717
11500000,72679.0,89.93,0.95,9.32,25,22.256286819237577,158.2300251792127,25,22.256286819237577
11700000,118379.0,43.29,4.69,4.01,29,13.840429256249312,98.83509744126914,29,13.840429256249312
80000000,95328.0,629.97,31.31,44.17,18,7.125842276729468,839.2077878482712,18,7.125842276729468
10500000,65080.0,99.32,1.88,25.11,46,13.846965725914455,161.339889366933,46,13.846965725914455
13000000,55780.0,207.56,12.9,12.6,18,4.6552821012040955,233.05844388669775,18,4.6552821012040955
29700000,118237.0,221.04,0.95,29.2,2,5.703416101933588,251.19040571056436,2,5.703416101933588
16680000,62495.0,204.72,1.09,16.14,35,15.201849295814652,266.9013521081687,35,15.201849295814652
8230000,101932.0,47.16,3.45,2.73,16,12.858300760384163,80.74010124396656,16,12.858300760384163
18000000,96894.0,156.0,2.41,27.36,41,27.487954081508953,185.7700167193015,41,27.487954081508953
7300000,65039.0,82.72,6.38,10.88,36,11.190620023940676,112.24034809883301,36,11.190620023940676
14890000,90456.0,139.25,2.35,23.01,33,17.627356333202282,164.61041832493146,33,17.627356333202282
11000000,55911.0,174.1,5.66,16.98,4,19.151796493626147,196.74124948578992,4,19.151796493626147
18300000,81544.0,115.02,1.96,17.54,33,0.8862864693558423,224.4187187285392,33,0.8862864693558423
7750000,66822.0,82.06,2.16,7.32,14,20.07435247449296,115.97976714255785,14,20.07435247449296
9850000,51235.0,174.45,4.45,13.35,21,5.752061022657667,192.25139065092222,21,5.752061022657667
7300000,67574.0,47.19,4.45,2.62,48,28.851574365348927,108.02971557107763,48,28.851574365348927
16300000,85857.0,157.14,3.48,29.23,20,4.885550468716832,189.85056547515055,20,4.885550468716832
16600000,123579.0,66.41,1.82,6.16,8,12.7314116499472,134.32702967332636,8,12.7314116499472
11770000,118895.0,47.87,4.37,3.89,7,3.017815208319994,98.99491147651288,7,3.017815208319994
12450000,126654.0,47.87,4.37,3.89,3,29.907790429455446,98.29930361457198,3,29.907790429455446
15690000,114941.0,66.41,1.82,6.1,17,15.314752804771656,136.50481551404633,17,15.314752804771656
13720000,117771.0,58.34,2.17,6.63,33,18.063858010941292,116.49727012592234,33,18.063858010941292
19280000,115026.0,84.54,0.86,8.54,48,2.4787560829586104,167.61427851094535,48,2.4787560829586104
13740000,118440.0,58.34,2.17,6.63,12,22.623833876775745,116.0081053698075,12,22.623833876775745
16570000,119347.0,66.49,0.86,8.37,22,6.69221499631978,138.83884806488643,22,6.69221499631978
20090000,119864.0,84.54,0.86,8.54,22,26.992601538501056,167.60662083694854,22,26.992601538501056
13990000,26234.0,504.48,7.2,21.6,46,6.551619394219212,533.2774262407563,46,6.551619394219212
29990000,82781.0,162.42,3.58,28.62,30,6.125287759578164,362.2811997922229,30,6.125287759578164
9500000,51777.0,133.69,3.46,8.96,38,1.578215201518799,183.47915097437087,38,1.578215201518799
16000000,53158.0,227.98,10.53,36.74,38,14.425974880744977,300.9895029910832,38,14.425974880744977
38680000,114090.0,179.58,0.88,20.52,45,17.162813431247184,339.03058988517836,45,17.162813431247184
34880000,146198.0,120.58,7.46,12.42,8,2.4384048631363946,238.58055513755318,8,2.4384048631363946
13990000,119874.0,58.34,2.17,6.63,27,23.37806469250281,116.70587450155998,27,23.37806469250281
13100000,90289.0,84.5,2.3,8.21,27,13.872020625066815,145.0896565473092,27,13.872020625066815
27400000,134562.0,97.18,2.87,18.52,34,15.969512945163611,203.6236084481503,34,15.969512945163611
6700000,95360.0,38.08,2.39,5.49,21,13.50250103467773,70.26006711409396,21,13.50250103467773
7260000,89729.0,47.65,3.03,3.26,30,12.322510295822116,80.9102965596407,30,12.322510295822116
9500000,100317.0,52.75,3.56,5.61,33,17.009389773592428,94.69980162883658,33,17.009389773592428
7170000,102050.0,38.08,2.39,5.49,28,5.079587254956019,70.25967662910338,28,5.079587254956019
73000000,124746.0,281.2,18.58,50.11,47,5.866879849610498,585.189104259856,47,5.866879849610498
8080000,99963.0,43.63,3.56,5.61,33,25.92267581989876,80.82990706561428,33,25.92267581989876
7520000,94710.0,44.52,1.89,5.53,5,28.410406132942164,79.40027452222574,5,28.410406132942164
16850000,86041.0,90.96,2.9,17.56,48,11.512624830252712,195.83686846968305,48,11.512624830252712
15680000,79174.0,90.96,2.9,17.56,19,8.486967857734836,198.04481269103493,19,8.486967857734836
8420000,106045.0,44.52,1.89,5.53,4,19.497986525550964,79.40025460889245,4,19.497986525550964
9350000,101432.0,51.09,3.56,5.61,35,12.557658047393844,92.17998264847385,35,12.557658047393844
9230000,97466.0,52.75,3.56,5.61,49,1.2488974919801734,94.69969014835942,49,1.2488974919801734
8490000,106927.0,44.52,1.89,5.53,17,5.106501622302615,79.39996446173558,17,5.106501622302615
14450000,93534.0,75.48,1.99,9.7,44,21.621180750998228,154.4892766266812,44,21.621180750998228
8780000,100746.0,47.73,3.62,5.61,28,19.938256286349464,87.14986202926171,28,19.938256286349464
8030000,99344.0,43.63,3.56,5.61,30,1.299331778852763,80.83024641649219,30,1.299331778852763
17190000,87444.0,90.96,2.9,17.56,29,7.048178777022009,196.58295594895017,29,7.048178777022009
9420000,99472.0,52.75,3.56,5.61,46,7.316706499348106,94.70001608492842,46,7.316706499348106
8350000,105164.0,44.52,1.89,5.53,6,20.32083593616249,79.39979460651934,6,20.32083593616249
11880000,101224.0,59.04,3.86,8.1,35,1.0814608637537426,117.3634711135699,35,1.0814608637537426
9130000,104762.0,47.73,3.62,5.61,41,3.5712031685449284,87.14992077279929,41,3.5712031685449284
17420000,85837.0,91.58,6.65,17.05,37,24.097524518509086,202.94278691007375,37,24.097524518509086
12180000,90047.0,67.8,3.83,9.62,24,5.767067530602842,135.26269614756737,24,5.767067530602842
18410000,94012.0,90.96,2.9,17.56,29,19.756010181630305,195.82606475769052,29,19.756010181630305
15910000,79937.0,90.96,2.9,17.56,49,7.526392040878433,199.03173749327595,49,7.526392040878433
21580000,104725.0,97.18,2.87,18.52,46,3.433521086400682,206.06349964191932,46,3.433521086400682
17480000,88558.0,90.96,2.9,17.56,31,7.673579634483896,197.3847647869193,31,7.673579634483896
10670000,103379.0,52.75,3.56,5.61,35,21.806874489741944,103.21245127153483,35,21.806874489741944
17850000,87708.0,91.58,6.65,17.05,33,25.74304580913543,203.51621288822,33,25.74304580913543
11760000,100120.0,59.04,3.86,8.1,21,24.99148600472625,117.45904914103076,21,24.99148600472625
25000000,108291.0,124.84,1.53,13.66,32,12.216914123744417,230.8594435363973,32,12.216914123744417
17170000,114033.0,76.44,2.85,11.04,23,20.208511528834062,150.5704489051415,23,20.208511528834062
24350000,119027.0,97.18,2.87,18.52,33,6.547036714766719,204.57543246490292,33,6.547036714766719
7680000,137487.0,29.91,2.5,4.01,3,9.147858042699891,55.85982674725611,3,9.147858042699891
13040000,142249.0,48.1,1.69,9.97,18,26.941906646373035,91.67024021258497,18,26.941906646373035
16460000,115728.0,76.44,2.85,11.04,25,0.8835567435667131,142.23005668463983,25,0.8835567435667131
19500000,127601.0,76.44,2.85,11.04,42,3.0225016602068084,152.8201189645849,42,3.0225016602068084
8480000,138336.0,29.44,0.46,10.07,31,6.632644526807806,61.3000231320842,31,6.632644526807806
7960000,129853.0,29.44,0.46,10.07,3,1.2827000142776817,61.300085481274984,3,1.2827000142776817
27950000,119135.0,109.61,2.63,24.06,40,5.852345335149021,234.60779787635875,40,5.852345335149021
25900000,128871.0,100.61,2.82,13.45,46,17.699726048605918,200.97616996841802,46,17.699726048605918
22500000,111246.0,96.08,10.71,16.29,24,12.93202424247869,202.25446308181867,24,12.93202424247869
19580000,120670.0,72.39,8.94,16.36,50,26.83381547677076,162.26071103008204,50,26.83381547677076
6310000,102936.0,29.44,0.46,10.07,32,24.614585071284008,61.30022538276211,32,24.614585071284008
14000000,85681.0,75.53,10.95,9.78,47,10.58361187508734,163.39678575180028,47,10.58361187508734
10790000,56376.0,88.33,2.25,12.18,22,8.152991286223127,191.39350078047397,22,8.152991286223127
17000000,91469.0,84.13,9.89,15.04,23,11.700926040934373,185.85531710196898,23,11.700926040934373
5870000,55125.0,42.45,1.22,4.55,2,17.913700804186828,106.48526077097506,2,17.913700804186828
5110000,47026.0,42.76,1.38,4.45,27,8.40787740427485,108.66329264662102,27,8.40787740427485
5460000,49346.0,42.39,1.03,4.55,42,18.912392781549453,110.64726624245127,42,18.912392781549453
5560000,50946.0,42.44,1.5,4.55,2,12.577643739641593,109.13516272131277,2,12.577643739641593
3780000,43578.0,37.25,1.3,4.69,26,16.785391835133417,86.74101610904584,26,16.785391835133417
7770000,86410.0,52.48,1.3,4.85,17,13.365732609491843,89.92014813100336,17,13.365732609491843
5270000,48777.0,42.37,1.13,4.55,40,9.18673990648657,108.04272505484143,40,9.18673990648657
4480000,43350.0,40.35,1.3,4.7,33,28.479372555383623,103.34486735870819,33,28.479372555383623
6850000,97745.0,39.4,1.46,4.81,9,23.026370927712943,70.08031101335106,9,23.026370927712943
5470000,50612.0,42.45,1.13,5.36,43,4.63333868511035,108.07713585710898,43,4.63333868511035
6880000,109641.0,33.95,2.5,4.46,48,26.119805288988427,62.750248538411725,48,26.119805288988427
10110000,53402.0,88.33,2.25,12.18,39,14.879220348360652,189.31875210666269,39,14.879220348360652
11720000,72374.0,80.23,2.8,8.14,29,26.889290693375695,161.93660706883688,29,26.889290693375695
11500000,71515.0,80.23,2.8,8.14,42,24.0957300504458,160.80542543522338,42,24.0957300504458
7390000,88769.0,44.42,1.4,8.46,26,13.043798381842386,83.24978314501683,26,13.043798381842386
11380000,70612.0,80.23,2.85,8.14,35,1.1628445954434632,161.16240865575256,35,1.1628445954434632
12880000,74440.0,79.88,11.48,9.63,50,8.42598210185591,173.02525523911876,50,8.42598210185591
4640000,46829.0,42.44,1.5,4.55,25,16.478209332495574,99.08390100151615,25,16.478209332495574
4080000,42907.0,42.45,1.37,4.55,24,19.187607484871343,95.08937935534995,24,19.187607484871343
4500000,46476.0,42.45,1.22,4.55,13,8.107686720279467,96.82416731216111,13,8.107686720279467
4380000,90890.0,29.44,0.46,1.51,7,4.611004185148312,48.19011992518429,7,4.611004185148312
13500000,77333.0,79.16,11.39,9.78,36,25.130441985579324,174.5697179729223,36,25.130441985579324
11780000,72803.0,80.23,2.8,8.14,45,29.53986433075479,161.8065189621307,45,29.53986433075479
7760000,88282.0,49.81,1.34,6.16,20,16.007860377929234,87.90013819351623,20,16.007860377929234
7250000,83545.0,49.08,1.34,6.16,1,5.564538932524953,86.77957986713747,1,5.564538932524953
8940000,47622.0,87.6,2.47,12.15,8,8.533066132321384,187.72836084162782,8,8.533066132321384
7600000,86462.0,49.81,1.34,6.16,46,1.0425249581502687,87.89988665540932,46,1.0425249581502687
7850000,87300.0,52.48,1.3,4.85,16,27.47181479353472,89.91981672394043,16,27.47181479353472
5080000,46640.0,42.76,1.38,4.45,14,3.9736569452591635,108.91938250428817,14,3.9736569452591635
4090000,45911.0,38.49,2.42,4.74,12,17.50723602767048,89.08540436932326,12,17.50723602767048
16280000,99914.0,71.08,1.42,26.58,23,8.584629010272577,162.94012851051906,23,8.584629010272577
16500000,100704.0,71.08,1.42,26.58,15,16.848251074215906,163.8465204957102,15,16.848251074215906
6570000,104701.0,33.95,2.5,4.46,28,19.716901456379993,62.75011699983763,28,19.716901456379993
9350000,48688.0,88.33,2.25,12.18,34,24.977383209362447,192.0391061452514,34,24.977383209362447
4870000,45227.0,42.76,1.38,4.45,2,6.5894275169377945,107.67904128065094,2,6.5894275169377945
7630000,79554.0,44.43,3.09,3.95,32,0.8243769454251741,95.90969655831259,32,0.8243769454251741
4750000,45754.0,40.35,1.1,4.7,23,4.538126087029815,103.81605979805045,23,4.538126087029815
4450000,47068.0,40.35,1.14,4.7,22,27.0505499345191,94.54406390753803,22,27.0505499345191
14500000,85120.0,77.8,11.22,9.78,25,26.2797572880942,170.34774436090225,25,26.2797572880942
7390000,44438.0,72.61,2.68,11.28,22,18.123686514024094,166.29911337143886,22,18.123686514024094
6100000,99511.0,29.44,0.46,10.07,22,18.215247382792775,61.299755805890804,22,18.215247382792775
11680000,72803.0,80.23,2.8,8.14,49,20.118581899114538,160.4329491916542,49,20.118581899114538
4650000,45730.0,40.35,1.14,4.7,42,5.673452719391763,101.68379619505795,42,5.673452719391763
4560000,89640.0,27.87,1.73,3.56,6,27.475152404786314,50.870147255689425,6,27.475152404786314
4580000,90033.0,27.87,1.73,3.56,15,12.853730484316158,50.87023646885031,15,12.853730484316158
5700000,92985.0,29.44,0.46,10.07,43,11.802586583360174,61.30020971124375,43,11.802586583360174
7520000,85552.0,49.81,1.34,6.16,37,15.808072305843707,87.8997568730129,37,15.808072305843707
6200000,110992.0,29.91,2.5,4.01,33,1.885496019864124,55.8598817932824,33,1.885496019864124
5550000,115241.0,25.31,2.5,3.59,8,5.405359378304342,48.15994307581503,8,5.405359378304342
6200000,110992.0,29.91,2.5,4.01,44,22.271991684577927,55.8598817932824,44,22.271991684577927
6500000,99800.0,35.5,2.5,4.46,44,2.942560703791231,65.13026052104209,44,2.942560703791231
8530000,93051.0,48.1,1.69,9.97,5,18.29298722925845,91.67015937496642,5,18.29298722925845
6500000,99800.0,35.5,2.5,4.46,39,7.737798735598968,65.13026052104209,39,7.737798735598968
8720000,45627.0,87.6,2.47,12.15,4,11.984220614238309,191.11491003134108,4,11.984220614238309
6190000,47364.0,60.14,2.19,4.92,6,9.016465234735646,130.68997550882526,6,9.016465234735646
6180000,47270.0,60.14,2.19,4.92,45,10.992345135715999,130.73831182568225,45,10.992345135715999
6500000,48342.0,72.3,2.77,10.57,32,21.711854202935243,134.45864879400935,32,21.711854202935243
3940000,43003.0,37.25,1.3,4.69,30,9.265090610883663,91.62151477803874,30,9.265090610883663
8480000,44446.0,87.6,2.47,12.15,47,17.208936888758465,190.79332223372182,47,17.208936888758465
5700000,42759.0,60.14,2.19,4.92,35,14.54348686487344,133.30526906616151,35,14.54348686487344
4100000,45151.0,41.8,0.94,4.7,40,20.07829937819812,90.8064051737503,40,20.07829937819812
5310000,43789.0,60.14,2.19,4.92,16,28.136477310080362,121.26333097353216,16,28.136477310080362
6120000,46706.0,60.14,2.19,4.92,13,22.110876867702384,131.03241553547724,13,22.110876867702384
3180000,42794.0,40.35,1.1,4.7,50,6.840741168427325,74.30948263775295,50,6.840741168427325
3970000,43815.0,39.75,1.41,4.7,42,1.4199024843078978,90.60823918749287,42,1.4199024843078978
15800000,220547.0,52.91,1.89,7.92,30,8.236789306844841,71.64005858161752,30,8.236789306844841
10743000,205686.0,29.54,1.02,3.99,19,18.054798955657517,52.23009830518363,19,18.054798955657517
10666000,205868.0,29.54,0.72,3.99,17,2.0170614977853853,51.80989760429013,17,2.0170614977853853
2000000,37800.0,41.88,0.88,3.75,19,15.142804292436471,52.91005291005291,19,15.142804292436471
9000000,106926.0,68.82,13.41,1.95,28,18.106864043048233,84.17036081028,28,18.106864043048233
9800000,80381.0,50.3,4.28,4.96,26,10.360194779100345,121.9193590525124,26,10.360194779100345
25500000,173351.0,102.58,1.16,13.17,37,23.241910010501748,147.1003916908469,37,23.241910010501748
6000000,40107.0,103.73,0.87,13.21,26,3.644648467446268,149.5998204802154,26,3.644648467446268
30300000,162145.0,85.94,3.26,8.91,23,2.7165645612063587,186.8697770514046,23,2.7165645612063587
11000000,91499.0,75.54,9.71,8.13,9,21.9815683080063,120.21989311358594,9,21.9815683080063
34000000,93533.0,147.74,12.74,18.64,12,15.116993828082855,363.50806667165597,12,15.116993828082855
4600000,127849.0,28.48,1.43,2.48,1,20.807870694618213,35.9799450914751,1,20.807870694618213
32380000,254160.0,82.6,1.86,7.24,1,13.327406488810514,127.40006295247089,1,13.327406488810514
7500000,109826.0,51.6,0.67,5.42,47,7.768859980553651,68.28984029282684,47,7.768859980553651
19680000,167162.0,83.41,1.25,10.0,34,24.663518371388893,117.7301061245977,34,24.663518371388893
1800000,34247.0,35.42,0.43,3.98,32,24.08276842958489,52.55934826408153,32,24.08276842958489
11500000,122324.0,48.14,1.09,4.06,48,20.99354589020559,94.01262221640889,48,20.99354589020559
16500000,106337.0,88.47,3.15,9.08,25,8.5282815482839,155.16706320471707,25,8.5282815482839
13860000,215854.0,34.78,1.64,3.32,40,17.91180467263807,64.21006791627674,40,17.91180467263807
12150000,99046.0,84.19,1.06,9.99,45,11.14872995973079,122.67027441794721,45,11.14872995973079
52580000,202772.0,130.46,3.2,23.85,1,3.2016711631357073,259.3060185824473,1,3.2016711631357073
8600000,193345.0,23.03,2.67,3.62,16,27.560750476136164,44.48007447826424,16,27.560750476136164
16000000,122277.0,86.34,3.25,10.79,39,4.536149612109361,130.85044611823974,39,4.536149612109361
19180000,179731.0,51.27,8.6,5.51,5,28.532001937713673,106.7150352471193,5,28.532001937713673
15000000,92513.0,101.44,2.83,13.58,22,13.657170302259694,162.1393750067558,22,13.657170302259694
22844711,155410.0,79.82,2.73,5.27,29,5.96142140073928,146.99640306286597,29,5.96142140073928
17190989,149361.0,59.14,1.38,5.34,3,16.486077947661563,115.09690615354745,3,16.486077947661563
12544461,85338.0,79.82,2.73,5.27,12,26.251902158354046,146.99736342543767,12,26.251902158354046
10154115,88144.0,59.14,1.38,5.34,26,22.100634149082055,115.19916273370848,26,22.100634149082055
2880000,53993.0,27.59,0.63,6.14,16,24.293553861912766,53.340247809901285,16,24.293553861912766
13000000,127364.0,72.75,1.67,11.15,37,19.93410931796616,102.06965861624948,37,19.93410931796616
8850000,133323.0,49.45,0.38,4.54,22,20.922158653276647,66.38014446119574,22,20.922158653276647
32300000,171871.0,97.8,5.08,10.23,29,25.55127172117692,187.93164640922552,29,25.55127172117692
23000000,149399.0,81.3,0.64,15.2,14,7.865206261345985,153.95016030897128,14,7.865206261345985
24370000,149722.0,92.75,2.12,5.28,28,14.938036427472644,162.7683306394518,28,14.938036427472644
12150000,133414.0,60.24,1.99,4.08,5,7.025678533678265,91.06990270886114,5,7.025678533678265
3260000,55161.0,45.52,0.6,3.49,47,29.636206235901085,59.099726255869186,47,29.636206235901085
5900000,55332.0,72.41,0.86,9.21,49,28.34975052075509,106.62907539940721,49,28.34975052075509
6000000,77590.0,65.08,0.62,7.09,30,1.663090935370924,77.32955277741976,30,1.663090935370924
9000000,61741.0,113.65,11.57,13.75,46,21.31446758921281,145.77023371827474,46,21.31446758921281
12300000,88748.0,74.99,5.38,4.86,5,27.794825363762143,138.59467255600126,5,27.794825363762143
14800000,91768.0,86.31,6.1,4.62,12,5.826972681256339,161.27626187777875,12,5.826972681256339
11880000,138964.0,65.75,6.37,6.6,16,17.25438430130257,85.48976713393397,16,17.25438430130257
14980000,170053.0,63.44,1.19,9.44,26,27.506904778847236,88.09018364862719,26,27.506904778847236
31000000,207789.0,69.16,5.03,4.59,26,1.5014063682810659,149.18980311758563,26,1.5014063682810659
23000000,153336.0,82.24,4.73,5.89,48,21.07389788378178,149.99739134971566,48,21.07389788378178
2440000,55976.0,23.52,0.51,2.21,21,9.271795717490248,43.59011004716307,21,9.271795717490248
15000000,158977.0,47.09,4.35,5.45,39,27.769687763607646,94.35327122791347,39,27.769687763607646
41700000,126675.0,157.41,1.89,19.22,36,29.14621823237835,329.1888691533452,36,29.14621823237835
14000000,124788.0,65.72,2.9,6.33,33,28.3558614288463,112.1902747059012,33,28.3558614288463
12000000,82993.0,89.77,3.75,9.68,30,14.489319391395181,144.59050763317387,30,14.489319391395181
37000000,206945.0,87.1,8.51,8.35,37,25.930258204184746,178.791466331634,37,25.930258204184746
19800000,161725.0,65.42,2.84,4.44,23,25.414207256784575,122.43005101252126,23,25.414207256784575
23500000,146354.0,82.86,1.72,11.67,10,9.913463960676042,160.5695778728289,10,9.913463960676042
9000000,73789.0,82.53,1.02,9.28,5,24.95300648744498,121.969399232948,5,24.95300648744498
18000000,162045.0,74.95,1.11,7.08,36,1.5917252241070323,111.08025548458761,36,1.5917252241070323
12880000,143772.0,42.77,4.14,3.32,34,18.089961415220564,89.58628940266533,34,18.089961415220564
14500000,175163.0,44.28,6.4,6.16,31,7.28526069998724,82.78003916352198,31,7.28526069998724
24700000,171298.0,80.32,4.11,10.37,10,4.056723130429725,144.1931604572149,10,4.056723130429725
10200000,71120.0,86.04,1.7,9.95,19,2.77011944806167,143.4195725534308,19,2.77011944806167
8900000,57886.0,88.97,4.88,9.51,32,21.040518888405124,153.75047507169265,32,21.040518888405124
14150000,91067.0,85.28,4.33,10.57,1,10.526311431157952,155.3801047580353,1,10.526311431157952
14860000,131411.0,58.72,0.63,7.49,5,21.88061976009846,113.08033574053923,5,21.88061976009846
21150000,111875.0,96.12,3.43,12.98,45,2.4280120535688,189.05027932960894,45,2.4280120535688
8330000,97575.0,50.4,3.91,5.67,4,9.801064966003004,85.37022802972072,4,9.801064966003004
7780000,76215.0,78.46,1.03,9.49,16,16.41499312507245,102.0796431148724,16,16.41499312507245
26000000,95898.0,220.4,12.68,38.04,24,23.826333362749423,271.12139982064275,24,23.826333362749423
15000000,98078.0,73.89,7.58,5.07,16,9.903198836496063,152.93949713493342,16,9.903198836496063
19500000,84606.0,101.67,10.3,6.38,2,18.963795604891768,230.4801077937735,2,18.963795604891768
17180000,206391.0,53.32,2.29,4.12,49,26.63634357296752,83.24006376247026,49,26.63634357296752
28660000,171987.0,86.16,5.64,14.15,28,18.667964051377986,166.6405018983993,28,18.667964051377986
8500000,75448.0,76.88,1.06,10.31,32,7.372304505232196,112.66037535786236,32,7.372304505232196
23500000,107404.0,107.4,1.8,10.67,27,1.2198230559178715,218.80004469107297,27,1.2198230559178715
17850000,119992.0,97.44,1.43,9.15,20,26.16791678007743,148.75991732782185,20,26.16791678007743
58880000,234423.0,150.41,8.71,14.18,24,1.1274476200864205,251.16989373909556,24,1.1274476200864205
22100000,131964.0,98.04,2.33,11.14,12,26.303699344183883,167.46991603770726,12,26.303699344183883
43800000,195415.0,167.28,3.34,20.69,50,16.103645453802756,224.13837218227874,50,16.103645453802756
20300000,163815.0,51.49,7.61,7.36,35,28.202497106130437,123.92027592100845,35,28.202497106130437
27000000,160753.0,82.57,3.93,13.91,33,24.06410545532313,167.95954041293163,33,24.06410545532313
10450000,160646.0,39.46,2.21,2.37,33,29.939056260733455,65.04986118546368,33,29.939056260733455
12600000,112289.0,47.66,2.89,5.23,43,10.84599855582545,112.21045694591633,43,10.84599855582545
8280000,76292.0,90.14,1.71,8.78,37,23.132054523468245,108.53038326430033,37,23.132054523468245
8900000,28231.0,244.12,35.57,35.57,12,12.356961951472643,315.2562785590309,12,12.356961951472643
9380000,62210.0,83.17,2.54,12.85,3,14.65633079896531,150.77961742485132,3,14.65633079896531
15100000,85737.0,87.3,2.49,9.7,1,19.01141116494192,176.11999486802665,1,19.01141116494192
18200000,169397.0,73.04,0.95,8.72,33,26.273474868496994,107.4399192429618,33,26.273474868496994
16700000,177132.0,60.06,1.1,3.53,40,29.530462341379206,94.27997199828377,40,29.530462341379206
11600000,119011.0,58.61,3.14,3.56,10,23.164065709003285,97.46998176639134,10,23.164065709003285
19800000,80899.0,186.35,26.36,32.04,43,12.824120073936346,244.74962607696017,43,12.824120073936346
8320000,59680.0,79.78,6.25,11.43,44,12.93003156717357,139.4101876675603,44,12.93003156717357
11800000,98614.0,71.14,2.27,10.06,29,22.2586778968723,119.6584663435212,29,22.2586778968723
16900000,156207.0,69.73,0.9,7.73,13,7.543925800164919,108.18977382575684,13,7.543925800164919
16000000,166147.0,78.19,0.68,7.65,12,3.7589863373761423,96.30026422384996,12,3.7589863373761423
1800000,69231.0,21.07,0.39,2.19,31,10.961353650402907,25.99991333362222,31,10.961353650402907
16800000,127360.0,76.29,11.95,9.26,46,8.97355025379541,131.90954773869348,46,8.97355025379541
14080000,94352.0,91.83,1.21,9.9,2,9.241089553451708,149.22842123113446,2,9.241089553451708
24000000,134078.0,90.68,3.46,8.91,50,7.391428655972343,179.0002834171154,50,7.391428655972343
8500000,75401.0,92.5,1.43,6.46,35,1.7417490942726754,112.73060038991525,35,1.7417490942726754
11300000,95318.0,56.4,1.61,4.49,23,1.0272810746357073,118.55053610021193,23,1.0272810746357073
13000000,132952.0,87.11,1.33,9.34,17,29.637810497212932,97.77964979842349,17,29.637810497212932
31500000,194616.0,86.39,6.75,10.16,26,13.119307445207939,161.85719570847206,26,13.119307445207939
19110000,139928.0,101.3,3.22,10.15,8,11.837636091210609,136.57023612143388,8,11.837636091210609
26800000,155616.0,97.56,3.26,13.07,29,20.54959483944556,172.21879498252108,29,20.54959483944556
30880000,120021.0,139.43,4.24,14.89,26,6.938489692019393,257.2883078794544,26,6.938489692019393
32800000,191013.0,91.04,2.01,6.1,10,28.523854926531648,171.71606121049354,10,28.523854926531648
9500000,60711.0,110.99,4.33,9.24,26,23.697177925258785,156.4790565136466,26,23.697177925258785
9250000,93349.0,75.13,0.48,8.14,34,3.1376245682116557,99.09050980728234,34,3.1376245682116557
12400000,67652.0,103.13,5.39,10.07,41,12.818632885655386,183.29095961686278,41,12.818632885655386
19850000,149368.0,66.16,10.37,8.42,7,26.43399007308386,132.89325692250014,7,26.43399007308386
33100000,181552.0,102.67,1.15,12.81,4,28.369594657596604,182.31691195910813,4,28.369594657596604
21750000,201408.0,69.77,1.65,9.24,50,14.288344581871158,107.98975214489991,50,14.288344581871158
11300000,84419.0,65.97,9.22,5.95,45,18.595635981715876,133.85612243689218,45,18.595635981715876
2440000,55976.0,23.52,0.51,2.21,11,5.4275014097162195,43.59011004716307,11,5.4275014097162195
42000000,160464.0,160.58,5.74,16.6,29,29.739474471040808,261.74095124139996,29,29.739474471040808
32000000,168599.0,86.65,7.84,7.19,36,7.33431519081158,189.799465002758,36,7.33431519081158
13900000,238750.0,36.13,1.62,2.22,25,28.310587336986206,58.21989528795812,25,28.310587336986206
18380000,101397.0,93.9,14.08,9.34,21,19.664576145274868,181.26769036559267,21,19.664576145274868
10000000,53299.0,118.2,5.31,22.84,36,18.428235448926344,187.62078087769,36,18.428235448926344
19000000,156443.0,91.57,4.64,10.67,10,15.624311074987004,121.44998497855448,10,15.624311074987004
32300000,168977.0,91.18,10.93,4.56,37,7.304759445673882,191.150274889482,37,7.304759445673882
13580000,196243.0,39.64,1.66,3.22,9,5.7075769441624935,69.19992050671871,9,5.7075769441624935
15000000,131752.0,54.66,1.02,4.91,24,7.004343167570173,113.85026413261279,24,7.004343167570173
27000000,141250.0,91.18,10.93,4.56,35,5.9999287332555085,191.1504424778761,35,5.9999287332555085
34700000,141812.0,122.29,4.87,11.71,49,23.497741970219224,244.69015316052239,49,23.497741970219224
24400000,158349.0,77.26,6.73,7.59,35,10.828695145418537,154.09001635627632,35,10.828695145418537
12680000,128171.0,80.76,0.53,10.4,48,2.206358958620193,98.93033525524494,48,2.206358958620193
20080000,211658.0,61.02,2.71,11.05,36,29.088527589153934,94.87002617430005,36,29.088527589153934
14900000,237677.0,38.62,1.2,3.22,18,26.571683606421058,62.69012146736958,18,26.571683606421058
14200000,224329.0,45.2,9.05,9.05,49,27.868692354258783,63.299885436122835,49,27.868692354258783
9000000,88950.0,77.12,1.68,7.73,39,29.84978076806984,101.1804384485666,39,29.84978076806984
24800000,205316.0,63.26,4.58,6.18,32,5.629909851974875,120.78941728847241,32,5.629909851974875
25000000,117222.0,112.47,5.41,16.92,24,12.189139557628433,213.27054648444832,24,12.189139557628433
21600000,97622.0,117.07,7.23,9.72,23,22.868035033270694,221.26160086865664,23,22.868035033270694
20000000,207182.0,52.17,2.43,4.98,32,21.03260823258687,96.53348263845315,32,21.03260823258687
34500000,174863.0,113.94,10.56,10.92,37,5.039929237025724,197.29731275341268,37,5.039929237025724
24780000,189502.0,67.3,4.87,7.13,12,24.567077187223223,130.76379141117243,12,24.567077187223223
19500000,115878.0,83.96,2.44,10.11,49,7.120996869181489,168.28043286905194,49,7.120996869181489
14500000,83530.0,70.0,6.33,11.11,13,7.102619637267381,173.5903268286843,13,7.102619637267381
13570000,148696.0,64.45,2.07,2.25,23,16.3407454753557,91.26002044439662,23,16.3407454753557
12000000,142012.0,54.02,3.96,7.67,25,17.991728077830242,84.49990141678168,25,17.991728077830242
19600000,194560.0,65.27,0.4,8.31,35,17.61254313121543,100.74013157894737,35,17.61254313121543
8360000,47662.0,141.63,17.04,12.87,41,3.198861703233769,175.40178758759598,41,3.198861703233769
8800000,46993.0,84.59,4.88,11.22,30,26.38509544759622,187.2619326282638,30,26.38509544759622
25900000,195693.0,58.37,3.54,4.78,17,8.33520125636683,132.35016071090942,17,8.33520125636683
24200000,211188.0,60.46,2.71,16.39,49,4.320690177842723,114.58984411993106,49,4.320690177842723
20550000,220012.0,50.32,2.06,2.43,20,26.71806835613483,93.40399614566478,20,26.71806835613483
13500000,118660.0,77.49,1.68,8.13,48,28.691719197777726,113.77043654137873,48,28.691719197777726
21700000,165586.0,75.33,2.76,10.18,25,25.932764709330794,131.04972642614715,25,25.932764709330794
23500000,197077.0,74.27,1.45,3.71,22,24.380724204383903,119.24273253601385,22,24.380724204383903
12770000,88087.0,67.39,4.07,3.03,13,19.82963842885114,144.97031344012169,13,19.82963842885114
33680000,234584.0,77.15,7.51,8.05,19,16.75029243296961,143.5733042321727,19,16.75029243296961
17000000,227929.0,43.39,4.44,2.44,49,3.066109417386599,74.58462942407505,49,3.066109417386599
26000000,157547.0,122.73,2.13,4.95,36,12.549369785585611,165.03011799653436,36,12.549369785585611
20790000,145265.0,85.44,1.57,9.37,12,11.494311251863262,143.11775031838366,12,11.494311251863262
17000000,125684.0,90.99,3.92,9.71,41,8.162736620929623,135.25985805671365,41,8.162736620929623
41000000,184768.0,112.08,3.12,12.67,19,21.840893353813257,221.89989608590233,19,21.840893353813257
20500000,200110.0,72.57,1.56,8.37,12,15.12833418482374,102.44365598920594,12,15.12833418482374
18000000,165304.0,68.81,4.36,6.61,9,2.890863369275614,108.89028698640081,9,2.890863369275614
31080000,156277.0,124.26,2.31,10.95,7,6.9954044575194345,198.87763394485432,7,6.9954044575194345
24870000,223155.0,59.14,1.38,5.34,28,20.65613352795808,111.44720037641997,28,20.65613352795808
32100000,204924.0,85.53,2.36,9.51,14,2.7458603549638556,156.64343854306964,14,2.7458603549638556
16850000,166321.0,67.62,1.0,7.73,31,25.610603964438678,101.31011718303762,31,25.610603964438678
17000000,104282.0,85.36,3.17,9.23,19,15.106822546912243,163.0195048042807,19,15.106822546912243
235096700,167806.0,944.03,106.58,67.15,47,14.677304031136115,1401.002943875666,47,14.677304031136115
10750000,89591.0,85.4,1.33,10.17,16,17.976029647455768,119.98973111138396,16,17.976029647455768
19120000,111898.0,77.24,1.51,19.09,5,24.8280884947919,170.86989937264295,5,24.8280884947919
13100000,81427.0,79.68,1.09,12.81,35,10.760371633114694,160.88029768995543,35,10.760371633114694
20000000,149354.0,60.76,1.26,2.89,12,20.501476500492373,133.9100392356415,12,20.501476500492373
32780000,225824.0,79.82,2.73,5.27,25,17.189092937875838,145.15729063341362,25,17.189092937875838
23380000,191307.0,73.23,2.73,2.79,21,8.37733396999793,122.21194206171232,21,8.37733396999793
9500000,112068.0,73.65,0.44,8.09,36,26.41958459747716,84.76996109504944,36,26.41958459747716
18000000,126984.0,100.29,21.61,17.1,23,24.02406763740438,141.75014175014175,23,24.02406763740438
12650000,116268.0,80.04,3.16,7.86,16,19.92432912242355,108.800357794062,16,19.92432912242355
10700000,158004.0,45.58,1.23,5.42,39,25.592161008280137,67.71980456190983,39,25.592161008280137
162903300,167822.0,722.34,14.77,14.77,45,26.08517892831417,970.6909701946109,45,26.08517892831417
19800000,140945.0,77.84,0.8,17.75,42,21.396707813093528,140.48032920642805,42,21.396707813093528
13980000,101503.0,56.22,4.02,4.5,39,25.191893186728326,137.72991931272966,39,25.191893186728326
74500000,239302.0,158.05,12.99,9.99,14,21.075408119243868,311.32209509322945,14,21.075408119243868
75900000,244370.0,158.05,12.99,9.99,31,20.564152766928864,310.5945901706429,31,20.564152766928864
80700000,242863.0,165.05,12.99,9.42,5,18.749035657347935,332.2861036880875,5,18.749035657347935
78060000,233662.0,165.05,12.99,9.42,35,22.705140866950416,334.0722924566254,35,22.705140866950416
16880000,99031.0,86.79,3.75,10.86,23,5.178850606145674,170.45167674768507,23,5.178850606145674
16750000,99493.0,86.79,3.75,10.86,29,26.485687396368387,168.35355251123195,29,26.485687396368387
12880000,93747.0,68.84,3.36,9.02,43,26.219384068484345,137.39106318068846,43,26.219384068484345
13420000,100135.0,70.55,3.8,5.13,11,1.3627948495194948,134.0190742497628,11,1.3627948495194948
11100000,97296.0,59.57,2.39,4.96,18,24.8615941416605,114.08485446472619,18,24.8615941416605
12850000,95326.0,70.55,3.8,5.13,47,4.3016610904666335,134.80057906552253,47,4.3016610904666335
21760000,137327.0,82.06,7.12,8.26,12,10.386006200644687,158.45390928222417,12,10.386006200644687
13980000,89315.0,82.44,4.49,4.87,9,22.43349356060243,156.524659911549,9,22.43349356060243
7800000,79070.0,49.47,2.57,3.35,10,5.242416933425092,98.64676868597445,10,5.242416933425092
7900000,76033.0,55.89,2.37,3.69,44,24.630027211512335,103.90225296910552,44,24.630027211512335
16070000,113315.0,73.58,4.16,6.02,17,25.047958249753385,141.8170586418391,17,25.047958249753385
11550000,82817.0,74.74,1.61,3.33,38,15.470298145944668,139.4641196855718,38,15.470298145944668
9570000,84076.0,56.46,3.19,3.9,7,0.6883832156465906,113.82558637423284,7,0.6883832156465906
45800000,191592.0,130.19,6.26,14.06,46,8.967624928659927,239.04964716689634,46,8.967624928659927
9880000,52769.0,159.95,6.39,20.89,13,18.699344092084395,187.23113949477914,13,18.699344092084395
5800000,33345.0,164.86,1.32,7.76,40,29.444992251808994,173.93912130754237,40,29.444992251808994
5800000,63215.0,64.54,0.93,8.82,42,19.13849904699172,91.75037570196947,42,19.13849904699172
13000000,71319.0,153.53,6.52,22.23,9,8.164205641392714,182.27961693237427,9,8.164205641392714
5600000,48780.0,98.9,1.05,10.3,50,19.203168241438537,114.80114801148011,50,19.203168241438537
17680000,140351.0,59.53,1.47,3.27,27,16.429568701617736,125.96988977634645,27,16.429568701617736
3330000,61315.0,43.79,3.1,1.6,2,23.505439156958737,54.309712142216426,2,23.505439156958737
9354800,105919.0,43.47,2.0,3.61,5,3.655928845395273,88.3203202447153,5,3.655928845395273
4910000,90674.0,32.5,0.81,7.41,29,22.950323123809827,54.15003198270728,29,22.950323123809827
2640000,19630.0,88.63,0.02,9.87,37,16.46736407094525,134.48802852776362,37,16.46736407094525
8300000,86757.0,47.66,2.45,10.11,38,28.908264113840342,95.66951369918277,38,28.908264113840342
9500000,46464.0,101.07,1.98,11.45,19,10.58522889814124,204.45936639118457,19,10.58522889814124
3000000,50925.0,49.26,0.7,3.75,8,19.16234584745147,58.910162002945505,8,19.16234584745147
13700000,97690.0,70.29,1.38,8.91,48,27.994829112545517,140.2395332173201,48,27.994829112545517
5200000,85456.0,31.77,3.41,9.82,45,3.5240369757250383,60.85002808462835,45,3.5240369757250383
6862000,74587.0,68.14,1.45,9.17,1,28.148240373475307,91.99994637135157,1,28.148240373475307
9000000,85690.0,74.02,2.57,9.51,22,20.792628807873992,105.0297584315556,22,20.792628807873992
7100000,63792.0,79.72,2.03,11.98,17,2.5011932436025712,111.29922247303737,17,2.5011932436025712
15850000,132492.0,54.34,3.45,5.44,7,9.37842522493108,119.62986444464572,7,9.37842522493108
14200000,67535.0,145.98,7.82,14.21,25,21.391076615035807,210.26134596875693,25,21.391076615035807
7980000,39662.0,129.76,19.38,8.13,45,2.486842743328765,201.20014119308155,45,2.486842743328765
16380000,106169.0,78.41,2.31,9.34,4,17.67402857520006,154.28232346541833,4,17.67402857520006
16400000,105636.0,78.36,2.31,9.34,36,10.703550180112224,155.2501041311674,36,10.703550180112224
24500000,157627.0,68.73,5.18,4.89,6,18.817007774140574,155.4302245173733,6,18.817007774140574
12000000,77559.0,138.46,1.32,14.94,31,1.849389997469129,154.72092213669595,31,1.849389997469129
15000000,80832.0,100.19,4.26,6.88,19,26.2103357814951,185.57007125890738,19,26.2103357814951
18600000,67143.0,210.0,13.79,51.08,44,29.217924590733208,277.0206871900273,44,29.217924590733208
12500000,87425.0,88.49,1.27,8.55,39,29.081896730927898,142.9796968830426,39,29.081896730927898
12700000,114075.0,70.5,1.5,11.58,27,22.61472903641628,111.33026517641902,27,22.61472903641628
10100000,69800.0,75.17,0.66,9.31,10,4.337544083853643,144.69914040114614,10,4.337544083853643
6200000,76018.0,42.55,3.3,4.7,26,22.868764279906166,81.559630613802,26,22.868764279906166
5100000,94462.0,34.3,0.97,3.12,19,1.2253140355346446,53.98996421841587,19,1.2253140355346446
33000000,72722.0,371.92,8.72,28.09,39,1.152644770105419,453.78289926019636,39,1.152644770105419
9480000,63808.0,107.21,1.58,13.96,3,10.046501464911467,148.57071213640924,3,10.046501464911467
13500000,96677.0,58.55,1.24,22.03,45,14.914974116937639,139.64024535308295,45,14.914974116937639
5000000,26263.0,164.47,18.98,6.62,13,23.2270188253299,190.3819061036439,13,23.2270188253299
8450000,74286.0,79.89,2.92,7.23,50,20.657213609891905,113.74956250168269,50,20.657213609891905
13480000,95508.0,80.34,0.76,11.79,28,13.654129838114075,141.14000921388785,28,13.654129838114075
12350000,90126.0,79.59,2.15,3.84,20,8.571986655309143,137.0303796906553,20,8.571986655309143
5500000,37568.0,73.24,0.72,14.75,28,29.915172754652477,146.40119250425894,28,29.915172754652477
11000000,78142.0,53.02,6.33,6.7,8,13.072348415961201,140.76936858539582,8,13.072348415961201
17500000,104747.0,80.32,4.7,9.38,41,13.815917217725426,167.06922393958777,41,13.815917217725426
22400000,146350.0,82.15,7.51,5.95,39,5.326902725154241,153.05773829859925,39,5.326902725154241
17550000,108367.0,80.5,1.77,10.38,1,23.946881688122918,161.94967102531214,1,23.946881688122918
6000000,48812.0,68.53,0.16,9.46,3,20.963625660553916,122.92059329673032,3,20.963625660553916
22880000,75865.0,279.59,4.72,16.57,13,7.012703577268431,301.58834772292886,13,7.012703577268431
6800000,42913.0,138.47,13.16,6.83,28,2.9302408456673597,158.46014028383007,28,2.9302408456673597
6800000,37517.0,157.44,11.04,12.77,49,20.574729411204036,181.25116613801742,49,20.574729411204036
7880000,93232.0,53.57,1.98,7.57,25,19.80808082129349,84.5203363651965,25,19.80808082129349
39800000,170867.0,102.95,10.76,13.84,33,8.561156046447175,232.92970556046515,33,8.561156046447175
10000000,91592.0,81.38,2.62,12.6,38,28.550475086387106,109.17984103415145,38,28.550475086387106
17900000,92047.0,102.14,6.51,10.0,6,4.956207807536557,194.465870696492,6,4.956207807536557
3600000,57711.0,43.27,0.7,3.42,44,13.253876630756757,62.37978894838073,44,13.253876630756757
17380000,119491.0,81.4,0.89,3.63,45,28.336669644944166,145.45028495869983,45,28.336669644944166
11880000,93854.0,60.91,5.5,3.8,32,12.881955849320608,126.57958105142029,32,12.881955849320608
10880000,104199.0,57.67,1.4,6.92,45,19.336515456090524,104.41558940104991,45,19.336515456090524
9300000,96134.0,39.2,0.9,7.28,47,12.229034739902431,96.73996712921547,47,12.229034739902431
9000000,48599.0,95.66,0.91,12.11,21,8.589348469285765,185.18899565834687,21,8.589348469285765
22500000,113866.0,97.45,8.56,15.96,16,29.527340614814932,197.60068852862136,16,29.527340614814932
13750000,133236.0,41.01,1.9,4.69,21,12.57535318629377,103.20033624545918,21,12.57535318629377
9800000,84753.0,56.45,0.87,6.85,11,26.875926508534466,115.630125187309,11,26.875926508534466
16200000,117784.0,55.77,1.46,7.02,37,7.283660873787042,137.53990355226517,37,7.283660873787042
10000000,80626.0,81.63,0.57,9.24,36,6.786588768739957,124.0294694019299,36,6.786588768739957
12500000,71245.0,94.87,2.69,10.81,35,1.418455445093085,175.45090883570776,35,1.418455445093085
9800000,68136.0,70.01,0.7,11.58,19,19.72417134858861,143.82998708465422,19,19.72417134858861
10000000,110939.0,40.72,2.16,4.76,20,11.371527139850954,90.13962628110944,20,11.371527139850954
5450000,84575.0,44.92,0.69,8.63,18,25.998568370269293,64.4398462902749,18,25.998568370269293
33150000,125027.0,130.51,10.57,16.77,47,14.459692247400936,265.1427291704992,47,14.459692247400936
14000000,95628.0,71.37,1.25,8.51,41,29.061706123484292,146.4006357970469,41,29.061706123484292
12500000,79964.0,77.14,2.88,9.76,49,5.9730027132420735,156.3203441548697,49,5.9730027132420735
14160000,70578.0,178.15,7.96,14.52,14,26.12438345469052,200.62909121822665,14,26.12438345469052
11800000,74247.0,75.93,2.4,4.61,15,23.40960715735638,158.92898029550017,15,23.40960715735638
5680000,54033.0,69.75,1.46,7.1,31,23.242194416999535,105.12094460792478,31,23.242194416999535
13450000,83754.0,79.76,1.72,9.68,1,25.421105229448187,160.5893449865081,1,25.421105229448187
22900000,142484.0,81.13,4.28,4.29,3,22.950207732818466,160.71980011790797,3,22.950207732818466
6500000,89729.0,51.24,1.87,4.65,16,18.973499488126755,72.44034815945793,16,18.973499488126755
24600000,146136.0,83.25,2.88,8.39,23,4.371723891630433,168.33634422729511,23,4.371723891630433
15500000,107774.0,57.02,1.8,7.64,11,1.4595222949919315,143.81947408465865,11,1.4595222949919315
14700000,105786.0,57.02,1.8,4.34,12,27.665011510562763,138.95978673926606,12,27.665011510562763
6500000,145838.0,27.96,0.79,4.49,10,18.69118427836177,44.57000233135397,10,18.69118427836177
8250000,69714.0,94.66,11.84,11.84,32,23.9978500837972,118.3406489370858,32,23.9978500837972
31000000,127242.0,123.22,11.23,11.65,16,14.704909369620227,243.63024787412962,16,14.704909369620227
15500000,167461.0,49.18,2.72,3.73,8,3.9605915743906372,92.55886445202167,8,3.9605915743906372
8520000,38026.0,192.29,12.2,19.57,38,4.192980869975238,224.0572240046284,38,4.192980869975238
14190000,76533.0,84.95,2.21,14.62,12,20.724175973254656,185.41021520128572,12,20.724175973254656
9600000,94395.0,96.7,2.5,2.5,24,13.19402389953415,101.70030192277133,24,13.19402389953415
21600000,148678.0,68.54,6.11,4.04,28,6.415479437659934,145.28040463283068,28,6.415479437659934
10315280,53874.0,113.37,3.28,10.17,8,15.002039128872388,191.47046812933883,8,15.002039128872388
11600000,73820.0,74.66,1.6,13.24,28,2.3941636437164555,157.13898672446493,28,2.3941636437164555
8330000,58154.0,81.81,1.3,8.48,36,17.668156356474764,143.24036179798466,36,17.668156356474764
26700000,116183.0,106.0,4.61,7.82,26,8.435305430835381,229.8098689136965,26,8.435305430835381
7850000,80995.0,59.77,2.49,5.45,8,24.02799346879705,96.9195629359837,8,24.02799346879705
10100000,83859.0,55.1,2.18,11.5,50,9.655677788245427,120.44026282211809,50,9.655677788245427
11000000,85803.0,58.69,0.85,4.14,28,13.928994397913135,128.20064566507,28,13.928994397913135
9500000,99020.0,60.15,1.68,3.61,28,0.8428059272889687,95.94021409816199,28,0.8428059272889687
8300000,90710.0,41.09,0.86,2.45,37,2.637183189939487,91.50038584500055,37,2.637183189939487
10500000,59315.0,150.97,8.41,17.64,41,12.078559913997202,177.02098963162774,41,12.078559913997202
22700000,84825.0,238.61,7.83,21.17,36,14.658195624155143,267.60978485116414,36,14.658195624155143
13300000,98870.0,68.3,1.96,4.13,27,18.20060616951946,134.52007686861535,27,18.20060616951946
8500000,44864.0,167.66,4.75,17.05,17,9.104046071924445,189.4614835948645,17,9.104046071924445
3940000,41684.0,77.58,1.5,7.32,9,21.001965640733005,94.5206793973707,9,21.001965640733005
17500000,92740.0,104.43,3.12,12.03,33,25.873610717081537,188.6995902523183,33,25.873610717081537
10500000,104156.0,71.27,5.33,8.46,20,23.50560417235382,100.81032297707286,20,23.50560417235382
12700000,83674.0,71.48,1.32,8.7,13,1.6687553477765358,151.77952530057127,13,1.6687553477765358
20400000,80760.0,239.98,3.43,9.19,28,14.674954944105954,252.60029717682022,28,14.674954944105954
5300000,50626.0,67.8,2.77,8.04,48,3.5954402633361586,104.68929008809702,48,3.5954402633361586
1800000,6961.0,219.86,1.7,6.72,29,7.64032796794456,258.583536848154,29,7.64032796794456
11000000,60499.0,162.02,3.96,15.84,13,29.60654650138082,181.82118712705994,13,29.60654650138082
1750000,22407.0,36.39,1.14,10.79,46,4.70361851559464,78.10059356451109,46,4.70361851559464
30500000,139563.0,122.41,7.23,12.07,35,15.217200526815004,218.53929766485388,35,15.217200526815004
31050000,132409.0,126.46,6.61,15.08,6,18.735594162384512,234.5006759359258,6,18.735594162384512
16000000,84500.0,177.57,6.98,4.8,18,21.222716631051068,189.3491124260355,18,21.222716631051068
11000000,73348.0,134.73,5.08,10.16,5,17.009636162863966,149.97000599880025,5,17.009636162863966
1350000,51136.0,11.59,1.48,3.78,47,0.7882399988659179,26.400187734668336,47,0.7882399988659179
3500000,40665.0,53.61,0.89,7.16,25,10.13060859319776,86.06910119267184,25,10.13060859319776
21800000,161302.0,60.69,3.92,5.11,2,15.772493479848988,135.150215124425,2,15.772493479848988
12200000,127588.0,39.31,2.53,3.26,10,3.092061724772584,95.62027776906919,10,3.092061724772584
5500000,179856.0,17.86,1.05,2.72,30,10.843494470670832,30.580019571212524,30,10.843494470670832
27000000,158814.0,99.58,2.19,9.09,50,1.4794917093453137,170.01020061203673,50,1.4794917093453137
39700000,228193.0,91.83,4.27,10.65,45,2.818065666073112,173.97553825051602,45,2.818065666073112
14350000,117286.0,82.71,2.22,8.4,5,12.209236647947083,122.35049366505807,5,12.209236647947083
9380000,242377.0,21.7,1.53,4.14,33,4.41511474427028,38.700041670620564,33,4.41511474427028
9000000,72237.0,80.06,1.51,8.81,1,17.242455023715966,124.5898916067943,1,17.242455023715966
6000000,54377.0,46.43,2.79,6.26,18,20.839216589549338,110.34076907516045,18,20.839216589549338
39800000,206694.0,105.4,6.01,9.82,32,24.117307623717945,192.55517818611088,32,24.117307623717945
25800000,151551.0,86.14,9.61,8.81,47,6.404432205221898,170.2397212819447,47,6.404432205221898
6050000,61322.0,62.97,0.33,8.86,49,5.440736176642558,98.6595349140602,49,5.440736176642558
42800000,154490.0,134.53,4.75,11.23,11,3.5847512898648075,277.04058515114247,11,3.5847512898648075
